team,player,position_code,shirt_number,player_id,date_of_birth,age_at_kickoff,value_at_kickoff
Argentina,Franco Armani,GK,1,119634,1986-10-16,36.1,3200000.0
Argentina,Juan Foyth,DF,2,480763,1998-01-12,24.85,25000000.0
Argentina,Nicolás Tagliafico,DF,3,131225,1992-08-31,30.22,9000000.0
Argentina,Gonzalo Montiel,DF,4,402733,1997-01-01,25.88,12000000.0
Argentina,Leandro Paredes,MF,5,166237,1994-06-29,28.39,15000000.0
Argentina,Germán Pezzella,DF,6,113133,1991-06-27,31.4,5000000.0
Argentina,Rodrigo De Paul,MF,7,255901,1994-05-24,28.49,35000000.0
Argentina,Marcos Acuña,MF,8,60410,1991-10-28,31.06,14000000.0
Argentina,Julián Álvarez,FW,9,576024,2000-01-31,22.8,32000000.0
Argentina,Lionel Messi,FW,10,28003,1987-06-24,35.41,50000000.0
Argentina,Ángel Di María,FW,11,45320,1988-02-14,34.77,10000000.0
Argentina,Gerónimo Rulli,GK,12,229604,1992-05-20,30.5,10000000.0
Argentina,Cristian Romero,DF,13,355915,1998-04-27,24.57,55000000.0
Argentina,Exequiel Palacios,MF,14,401578,1998-10-05,24.13,15000000.0
Argentina,Ángel Correa,FW,15,266807,1995-03-09,27.7,40000000.0
Argentina,Thiago Almada,MF,16,576028,2001-04-26,21.57,15000000.0
Argentina,Papu Gómez,MF,17,20005,1988-02-15,34.76,4000000.0
Argentina,Guido Rodríguez,MF,18,342385,1994-04-12,28.61,28000000.0
Argentina,Nicolás Otamendi,DF,19,54781,1988-02-12,34.77,3000000.0
Argentina,Alexis Mac Allister,MF,20,534033,1998-12-24,23.91,32000000.0
Argentina,Paulo Dybala,FW,21,206050,1993-11-15,29.01,30000000.0
Argentina,Lautaro Martínez,FW,22,406625,1997-08-22,25.25,75000000.0
Argentina,Emiliano Martínez,GK,23,111873,1992-09-02,30.21,25000000.0
Argentina,Enzo Fernández,MF,24,648195,2001-01-17,21.84,35000000.0
Argentina,Lisandro Martínez,DF,25,480762,1998-01-18,24.84,50000000.0
Argentina,Nahuel Molina,DF,26,424042,1998-04-06,24.62,18000000.0
Australia,Mathew Ryan,GK,1,128969,1992-04-08,30.62,5000000.0
Australia,Miloš Degenek,DF,2,187353,1994-04-28,28.56,
Australia,Nathaniel Atkinson,DF,3,556038,1999-06-13,23.44,1000000.0
Australia,Kye Rowles,DF,4,399990,1998-06-24,24.41,600000.0
Australia,Fran Karačić,DF,5,367795,1996-05-12,26.52,1200000.0
Australia,Marco Tilio,FW,6,565531,2001-08-23,21.24,900000.0
Australia,Mathew Leckie,FW,7,126214,1991-02-04,31.79,800000.0
Australia,Jamie Maclaren,FW,9,173591,1993-07-29,29.31,1800000.0
Australia,Ajdin Hrustic,MF,10,265625,1996-07-05,26.38,1800000.0
Australia,Awer Mabil,FW,11,255729,1995-09-15,27.18,1500000.0
Australia,Andrew Redmayne,GK,12,51975,1989-01-13,33.85,500000.0
Australia,Aaron Mooy,MF,13,123951,1990-09-15,32.18,4000000.0
Australia,Riley McGree,MF,14,428061,1998-11-02,24.05,2000000.0
Australia,Mitchell Duke,FW,15,177775,1991-01-18,31.84,800000.0
Australia,Aziz Behich,DF,16,136834,1990-12-16,31.93,700000.0
Australia,Cameron Devlin,MF,17,399162,1998-06-07,24.45,700000.0
Australia,Danny Vukovic,GK,18,43113,1985-03-27,37.65,150000.0
Australia,Harry Souttar,DF,19,298091,1998-10-22,24.08,4500000.0
Australia,Thomas Deng,DF,20,366543,1997-03-20,25.67,600000.0
Australia,Garang Kuol,FW,21,967948,2004-09-15,18.18,800000.0
Australia,Jackson Irvine,MF,22,192557,1993-03-07,29.71,2000000.0
Australia,Craig Goodwin,FW,23,214798,1991-12-16,30.93,1200000.0
Australia,Joel King,DF,24,616430,2000-10-30,22.06,500000.0
Australia,Jason Cummings,FW,25,209583,1995-08-01,27.3,900000.0
Australia,Keanu Baccus,MF,26,479037,1998-06-07,24.45,650000.0
Belgium,Thibaut Courtois,GK,1,108390,1992-05-11,30.53,60000000.0
Belgium,Toby Alderweireld,DF,2,42710,1989-03-02,33.72,4000000.0
Belgium,Arthur Theate,DF,3,368891,2000-05-25,22.49,20000000.0
Belgium,Wout Faes,DF,4,292808,1998-04-03,24.63,20000000.0
Belgium,Jan Vertonghen,DF,5,43250,1987-04-24,35.58,1800000.0
Belgium,Axel Witsel,MF,6,35047,1989-01-12,33.85,5000000.0
Belgium,Kevin De Bruyne,MF,7,88755,1991-06-28,31.4,80000000.0
Belgium,Youri Tielemans,MF,8,249565,1997-05-07,25.54,40000000.0
Belgium,Romelu Lukaku,FW,9,96341,1993-05-13,29.52,55000000.0
Belgium,Eden Hazard,FW,10,50202,1991-01-07,31.87,7500000.0
Belgium,Yannick Carrasco,FW,11,140776,1993-09-04,29.21,30000000.0
Belgium,Simon Mignolet,GK,12,50219,1988-03-06,34.71,5000000.0
Belgium,Koen Casteels,GK,13,108880,1992-06-25,30.4,8000000.0
Belgium,Dries Mertens,FW,14,56416,1987-05-06,35.54,3400000.0
Belgium,Thomas Meunier,MF,15,100986,1991-09-12,31.19,6500000.0
Belgium,Thorgan Hazard,MF,16,102226,1993-03-29,29.65,9000000.0
Belgium,Leandro Trossard,FW,17,144028,1994-12-04,27.96,30000000.0
Belgium,Amadou Onana,MF,18,485706,2001-08-16,21.26,35000000.0
Belgium,Leander Dendoncker,DF,19,168157,1995-04-15,27.6,22000000.0
Belgium,Hans Vanaken,MF,20,137576,1992-08-24,30.24,15000000.0
Belgium,Timothy Castagne,MF,21,262226,1995-12-05,26.96,28000000.0
Belgium,Charles De Ketelaere,FW,22,435772,2001-03-10,21.7,30000000.0
Belgium,Michy Batshuayi,FW,23,179184,1993-10-02,29.13,10000000.0
Belgium,Loïs Openda,FW,24,368887,2000-02-16,22.76,12000000.0
Belgium,Jérémy Doku,FW,25,486049,2002-05-27,20.48,18000000.0
Belgium,Zeno Debast,DF,26,548193,2003-10-24,19.07,8000000.0
Brazil,Thiago Silva,DF,3,29241,1984-09-22,38.16,2500000.0
Brazil,not applicable Casemiro,MF,5,16306,1992-02-23,30.74,50000000.0
Brazil,Alex Sandro,DF,6,79960,1991-01-26,31.82,4500000.0
Brazil,Lucas Paquetá,MF,7,444523,1997-08-27,25.23,45000000.0
Brazil,not applicable Fred,MF,8,191614,1993-03-05,29.71,20000000.0
Brazil,not applicable Richarlison,FW,9,378710,1997-05-10,25.53,50000000.0
Brazil,not applicable Neymar,FW,10,68290,1992-02-05,30.79,75000000.0
Brazil,not applicable Raphinha,FW,11,411295,1996-12-14,25.93,50000000.0
Brazil,not applicable Weverton,GK,12,69400,1987-12-13,34.94,3500000.0
Brazil,Dani Alves,DF,13,15951,1983-05-06,39.54,1000000.0
Brazil,Éder Militão,DF,14,401530,1998-01-18,24.84,60000000.0
Brazil,Alex Telles,DF,16,255755,1992-12-15,29.93,14000000.0
Brazil,Bruno Guimarães,MF,17,520624,1997-11-16,25.01,60000000.0
Brazil,Gabriel Jesus,FW,18,363205,1997-04-03,25.63,75000000.0
Brazil,Vinícius Júnior,FW,20,371998,2000-07-12,22.36,120000000.0
Brazil,not applicable Rodrygo,FW,21,412363,2001-01-09,21.86,80000000.0
Brazil,Éverton Ribeiro,MF,22,52896,1989-04-10,33.61,4500000.0
Brazil,not applicable Bremer,DF,24,516716,1997-03-18,25.68,40000000.0
Brazil,Gabriel Martinelli,FW,26,655488,2001-06-18,21.42,60000000.0
Cameroon,Simon Ngapandouetnbu,GK,1,696600,2003-04-12,19.61,400000.0
Cameroon,Nicolas Nkoulou,DF,3,60577,1990-03-27,32.65,1800000.0
Cameroon,Christopher Wooh,DF,4,572326,2001-09-18,21.17,6000000.0
Cameroon,Gaël Ondoua,MF,5,322309,1995-11-04,27.04,800000.0
Cameroon,Moumi Ngamaleu,FW,6,266768,1994-07-09,28.37,4000000.0
Cameroon,Georges-Kévin Nkoudou,MF,7,215679,1995-02-13,27.77,5500000.0
Cameroon,Jean-Pierre Nsame,FW,9,225055,1993-05-01,29.56,4000000.0
Cameroon,Vincent Aboubakar,FW,10,147487,1992-01-22,30.83,5000000.0
Cameroon,Christian Bassogog,FW,11,374281,1995-10-18,27.09,4500000.0
Cameroon,Karl Toko Ekambi,FW,12,315110,1992-09-14,30.18,12000000.0
Cameroon,Eric Maxim Choupo-Moting,FW,13,45660,1989-03-23,33.66,6000000.0
Cameroon,Samuel Gouet,MF,14,452238,1997-12-14,24.93,1300000.0
Cameroon,Pierre Kunde,MF,15,339829,1995-07-26,27.32,2000000.0
Cameroon,Devis Epassy,GK,16,170471,1993-02-02,29.8,700000.0
Cameroon,Olivier Mbaizo,DF,17,426944,1997-08-15,25.26,1500000.0
Cameroon,Martin Hongla,MF,18,398808,1998-03-16,24.68,3500000.0
Cameroon,Collins Fai,DF,19,250638,1992-08-13,30.27,1000000.0
Cameroon,Bryan Mbeumo,FW,20,413039,1999-08-07,23.29,28000000.0
Cameroon,Jean-Charles Castelletto,DF,21,182875,1995-01-26,27.82,4000000.0
Cameroon,Olivier Ntcham,MF,22,224088,1996-02-09,26.78,2800000.0
Cameroon,André Onana,GK,23,234509,1996-04-02,26.63,14000000.0
Cameroon,Enzo Ebosse,DF,24,342877,1999-03-11,23.7,4500000.0
Cameroon,Nouhou Tolo,DF,25,436332,1997-06-23,25.41,3000000.0
Canada,Dayne St. Clair,GK,1,439750,1997-05-09,25.53,1500000.0
Canada,Alistair Johnston,DF,2,637446,1998-10-08,24.12,6000000.0
Canada,Sam Adekugbe,DF,3,287578,1995-01-16,27.84,2000000.0
Canada,Kamal Miller,DF,4,487504,1997-05-16,25.51,4000000.0
Canada,Steven Vitória,DF,5,54716,1987-01-11,35.86,100000.0
Canada,Samuel Piette,MF,6,189019,1994-11-12,28.02,2500000.0
Canada,Stephen Eustáquio,MF,7,512913,1996-12-21,25.91,8000000.0
Canada,Lucas Cavallini,FW,9,221038,1992-12-28,29.89,
Canada,Junior Hoilett,MF,10,58993,1990-06-05,32.46,800000.0
Canada,Tajon Buchanan,FW,11,638793,1999-02-08,23.78,12000000.0
Canada,Iké Ugbo,FW,12,339943,1998-09-21,24.16,4000000.0
Canada,Mark-Anthony Kaye,MF,14,343553,1994-12-02,27.97,
Canada,Ismaël Koné,MF,15,921655,2002-06-16,20.43,6000000.0
Canada,James Pantemis,GK,16,429217,1997-02-21,25.74,400000.0
Canada,Cyle Larin,FW,17,343463,1995-04-17,27.59,6000000.0
Canada,Milan Borjan,GK,18,67797,1987-10-23,35.08,1200000.0
Canada,Alphonso Davies,FW,19,424204,2000-11-02,22.05,70000000.0
Canada,Jonathan David,FW,20,533738,2000-01-14,22.85,45000000.0
Canada,Jonathan Osorio,MF,21,260807,1992-06-12,30.44,3500000.0
Canada,Richie Laryea,DF,22,417348,1995-01-07,27.87,2500000.0
Canada,Liam Millar,MF,23,487417,1999-09-27,23.15,2300000.0
Canada,David Wotherspoon,MF,24,74861,1990-01-16,32.84,600000.0
Canada,Derek Cornelius,DF,25,328609,1997-11-25,24.99,800000.0
Canada,Joel Waterman,DF,26,441738,1996-01-24,26.82,2000000.0
Costa Rica,Keylor Navas,GK,1,79422,1986-12-15,35.93,5000000.0
Costa Rica,Juan Pablo Vargas,DF,3,271907,1995-06-06,27.46,1700000.0
Costa Rica,Celso Borges,MF,5,81532,1988-05-27,34.48,200000.0
Costa Rica,Óscar Duarte,DF,6,175323,1989-06-03,33.46,600000.0
Costa Rica,Anthony Contreras,FW,7,483362,2000-01-29,22.81,
Costa Rica,Bryan Oviedo,DF,8,124983,1990-02-18,32.75,200000.0
Costa Rica,Jewison Bennette,MF,9,743627,2004-06-15,18.43,1000000.0
Costa Rica,Bryan Ruiz,MF,10,39642,1985-08-18,37.26,150000.0
Costa Rica,Joel Campbell,FW,12,131248,1992-06-26,30.4,2500000.0
Costa Rica,Youstin Salas,MF,14,322958,1996-06-17,26.43,250000.0
Costa Rica,Francisco Calvo,DF,15,188470,1992-07-08,30.37,1700000.0
Costa Rica,Carlos Martínez,DF,16,511169,1999-03-30,23.64,275000.0
Costa Rica,Yeltsin Tejeda,MF,17,194218,1992-03-17,30.68,275000.0
Costa Rica,Esteban Alvarado,GK,18,128502,1989-04-28,33.56,225000.0
Costa Rica,Kendall Waston,DF,19,195540,1988-01-01,34.89,
Costa Rica,Brandon Aguilera,MF,20,631996,2003-06-28,19.4,275000.0
Costa Rica,Douglas López,MF,21,492266,1998-12-17,23.93,
Costa Rica,Rónald Matarrita,DF,22,268273,1994-07-09,28.37,1500000.0
Costa Rica,Patrick Sequeira,GK,23,378482,1999-03-01,23.72,200000.0
Costa Rica,Roan Wilson,MF,24,645191,2002-05-01,20.56,250000.0
Costa Rica,Anthony Hernández,MF,25,1035805,2001-10-11,21.11,
Costa Rica,Álvaro Zamora,MF,26,731899,2002-03-09,20.7,200000.0
Croatia,Dominik Livaković,GK,1,205927,1995-01-09,27.86,8500000.0
Croatia,Josip Stanišić,DF,2,483046,2000-04-02,22.63,8000000.0
Croatia,Borna Barišić,DF,3,39125,1992-11-10,30.03,6500000.0
Croatia,Ivan Perišić,FW,4,42460,1989-02-02,33.8,10000000.0
Croatia,Martin Erlić,DF,5,357003,1998-01-24,24.82,5500000.0
Croatia,Dejan Lovren,DF,6,37838,1989-07-05,33.38,3500000.0
Croatia,Lovro Majer,MF,7,387106,1998-01-17,24.84,22000000.0
Croatia,Mateo Kovačić,MF,8,51471,1994-05-06,28.54,40000000.0
Croatia,Andrej Kramarić,FW,9,46580,1991-06-19,31.42,9000000.0
Croatia,Luka Modrić,MF,10,27992,1985-09-09,37.2,10000000.0
Croatia,Marcelo Brozović,MF,11,156617,1992-11-16,30.01,35000000.0
Croatia,Ivo Grbić,GK,12,226073,1996-01-18,26.84,3500000.0
Croatia,Nikola Vlašić,MF,13,293200,1997-10-04,25.13,20000000.0
Croatia,Marko Livaja,FW,14,95438,1993-08-26,29.23,8000000.0
Croatia,Mario Pašalić,MF,15,205938,1995-02-09,27.78,25000000.0
Croatia,Bruno Petković,FW,16,256358,1994-09-16,28.18,6000000.0
Croatia,Ante Budimir,FW,17,46413,1991-07-22,31.33,6000000.0
Croatia,Mislav Oršić,FW,18,119150,1992-12-29,29.89,10000000.0
Croatia,Borna Sosa,DF,19,293194,1998-01-21,24.83,20000000.0
Croatia,Joško Gvardiol,DF,20,475959,2002-01-23,20.82,60000000.0
Croatia,Domagoj Vida,DF,21,46083,1989-04-29,33.56,2000000.0
Croatia,Josip Juranović,DF,22,362977,1995-08-16,27.26,6500000.0
Croatia,Ivica Ivušić,GK,23,160482,1995-02-01,27.8,5000000.0
Croatia,Josip Šutalo,DF,24,371001,2000-02-28,22.73,18000000.0
Croatia,Luka Sučić,MF,25,502722,2002-09-08,20.2,20000000.0
Croatia,Kristijan Jakić,MF,26,374954,1997-05-14,25.52,9000000.0
Denmark,Kasper Schmeichel,GK,1,16911,1986-11-05,36.04,2500000.0
Denmark,Joachim Andersen,DF,2,260827,1996-05-31,26.47,32000000.0
Denmark,Victor Nelsson,DF,3,422951,1998-10-14,24.1,14000000.0
Denmark,Simon Kjær,DF,4,48859,1989-03-26,33.65,5000000.0
Denmark,Andreas Christensen,DF,6,196948,1996-04-10,26.61,30000000.0
Denmark,Mathias Jensen,MF,7,319859,1996-01-01,26.89,14000000.0
Denmark,Mathias Jensen,MF,7,695210,2005-04-14,17.6,
Denmark,Thomas Delaney,MF,8,91849,1991-09-03,31.21,3000000.0
Denmark,Martin Braithwaite,FW,9,95732,1991-06-05,31.46,5000000.0
Denmark,Christian Eriksen,MF,10,69633,1992-02-14,30.77,25000000.0
Denmark,Andreas Skov Olsen,MF,11,432982,1999-12-29,22.89,20000000.0
Denmark,Kasper Dolberg,FW,12,283196,1997-10-06,25.12,12000000.0
Denmark,Rasmus Kristensen,DF,13,369684,1997-07-11,25.36,15000000.0
Denmark,Mikkel Damsgaard,MF,14,540941,2000-07-03,22.38,15000000.0
Denmark,Christian Nørgaard,MF,15,148367,1994-03-10,28.7,14000000.0
Denmark,Oliver Christensen,GK,16,471936,1999-03-22,23.67,4500000.0
Denmark,Jens Stryger Larsen,DF,17,69646,1991-02-21,31.75,2000000.0
Denmark,Daniel Wass,DF,18,63463,1989-05-31,33.47,2500000.0
Denmark,Jonas Wind,FW,19,391004,1999-02-07,23.78,14000000.0
Denmark,Yussuf Poulsen,FW,20,157635,1994-06-15,28.43,10000000.0
Denmark,Andreas Cornelius,FW,21,203412,1993-03-16,29.68,6000000.0
Denmark,Pierre-Emile Højbjerg,MF,23,167799,1995-08-05,27.29,45000000.0
Denmark,Robert Skov,MF,24,270393,1996-05-20,26.5,9000000.0
Denmark,Jesper Lindstrøm,MF,25,513245,2000-02-29,22.72,28000000.0
Denmark,Alexander Bah,DF,26,452607,1997-12-09,24.95,8000000.0
Ecuador,Hernán Galíndez,GK,1,77127,1987-03-30,35.64,600000.0
Ecuador,Félix Torres,DF,2,468174,1997-01-11,25.86,6000000.0
Ecuador,Piero Hincapié,DF,3,659813,2002-01-09,20.86,22000000.0
Ecuador,Robert Arboleda,DF,4,139867,1991-10-22,31.08,2000000.0
Ecuador,José Cifuentes,MF,5,450211,1999-03-12,23.69,12000000.0
Ecuador,William Pacho,DF,6,661171,2001-10-16,21.1,3500000.0
Ecuador,Pervis Estupiñán,DF,7,349599,1998-01-21,24.83,20000000.0
Ecuador,Carlos Gruezo,MF,8,189475,1995-04-19,27.59,4000000.0
Ecuador,Ayrton Preciado,MF,9,212310,1994-07-17,28.34,
Ecuador,Romario Ibarra,MF,10,191830,1991-01-20,31.83,1000000.0
Ecuador,Moisés Ramírez,GK,12,450233,2000-09-09,22.2,1000000.0
Ecuador,Enner Valencia,FW,13,139503,1989-11-04,33.04,3000000.0
Ecuador,Xavier Arreaga,DF,14,323854,1994-09-28,28.15,
Ecuador,Ángel Mena,MF,15,123609,1988-01-21,34.83,
Ecuador,Jeremy Sarmiento,MF,16,568005,2002-06-16,20.43,3000000.0
Ecuador,Ángelo Preciado,DF,17,450241,1998-02-18,24.75,3200000.0
Ecuador,Diego Palacios,DF,18,425567,1999-07-12,23.36,4000000.0
Ecuador,Gonzalo Plata,MF,19,592735,2000-11-01,22.05,5000000.0
Ecuador,Sebas Méndez,MF,20,330682,1997-04-26,25.57,
Ecuador,Alan Franco,MF,21,400960,1998-08-21,24.25,2500000.0
Ecuador,Moisés Caicedo,MF,23,687626,2001-11-02,21.05,38000000.0
Ecuador,Jackson Porozo,DF,25,491616,2000-08-04,22.29,3000000.0
Ecuador,Kevin Rodríguez,FW,26,684159,2000-03-04,22.71,300000.0
England,Jordan Pickford,GK,1,130164,1994-03-07,28.71,28000000.0
England,Kyle Walker,DF,2,95424,1990-05-28,32.48,15000000.0
England,Luke Shaw,DF,3,183288,1995-07-12,27.36,28000000.0
England,Declan Rice,MF,4,357662,1999-01-14,23.85,80000000.0
England,John Stones,DF,5,186590,1994-05-28,28.48,30000000.0
England,Harry Maguire,DF,6,177907,1993-03-05,29.71,30000000.0
England,Jack Grealish,FW,7,203460,1995-09-10,27.2,70000000.0
England,Jordan Henderson,MF,8,61651,1990-06-17,32.43,15000000.0
England,Harry Kane,FW,9,132098,1993-07-28,29.31,90000000.0
England,Raheem Sterling,FW,10,134425,1994-12-08,27.95,70000000.0
England,Marcus Rashford,FW,11,258923,1997-10-31,25.05,55000000.0
England,Kieran Trippier,DF,12,95810,1990-09-19,32.17,13000000.0
England,Nick Pope,GK,13,192080,1992-04-19,30.59,18000000.0
England,Kalvin Phillips,MF,14,351749,1995-12-02,26.97,45000000.0
England,Eric Dier,DF,15,175722,1994-01-15,28.85,30000000.0
England,Conor Coady,DF,16,128901,1993-02-25,29.73,18000000.0
England,Bukayo Saka,FW,17,433177,2001-09-05,21.21,90000000.0
England,Trent Alexander-Arnold,DF,18,314353,1998-10-07,24.12,70000000.0
England,Mason Mount,MF,19,346483,1999-01-10,23.86,75000000.0
England,Phil Foden,MF,20,406635,2000-05-28,22.48,110000000.0
England,Ben White,DF,21,335721,1997-10-08,25.12,45000000.0
England,Jude Bellingham,MF,22,581678,2003-06-29,19.39,100000000.0
England,Aaron Ramsdale,GK,23,427568,1998-05-14,24.52,30000000.0
England,Callum Wilson,FW,24,123682,1992-02-27,30.73,18000000.0
England,James Maddison,MF,25,294057,1996-11-23,25.99,55000000.0
England,Conor Gallagher,MF,26,488362,2000-02-06,22.79,32000000.0
France,Hugo Lloris,GK,1,17965,1986-12-26,35.9,7000000.0
France,Benjamin Pavard,DF,2,353366,1996-03-28,26.65,35000000.0
France,Axel Disasi,DF,3,386047,1998-03-11,24.7,25000000.0
France,Raphaël Varane,DF,4,164770,1993-04-25,29.57,40000000.0
France,Jules Koundé,DF,5,411975,1998-11-12,24.02,60000000.0
France,Matteo Guendouzi,MF,6,465830,1999-04-14,23.6,25000000.0
France,Antoine Griezmann,FW,7,125781,1991-03-21,31.67,25000000.0
France,Aurélien Tchouaméni,MF,8,413112,2000-01-27,22.81,80000000.0
France,Olivier Giroud,FW,9,82442,1986-09-30,36.14,4000000.0
France,Kylian Mbappé,FW,10,342229,1998-12-20,23.92,160000000.0
France,Ousmane Dembélé,FW,11,288230,1997-05-15,25.52,60000000.0
France,Randal Kolo Muani,FW,12,487969,1998-12-05,23.96,30000000.0
France,Youssouf Fofana,MF,13,569598,1999-01-10,23.86,25000000.0
France,Adrien Rabiot,MF,14,182913,1995-04-03,27.63,18000000.0
France,Jordan Veretout,MF,15,164771,1993-03-01,29.72,14000000.0
France,Steve Mandanda,GK,16,23951,1985-03-28,37.65,1500000.0
France,William Saliba,DF,17,495666,2001-03-24,21.66,50000000.0
France,Dayot Upamecano,DF,18,344695,1998-10-27,24.07,50000000.0
France,Karim Benzema,FW,19,18922,1987-12-19,34.92,35000000.0
France,Kingsley Coman,FW,20,243714,1996-06-13,26.44,60000000.0
France,Lucas Hernandez,DF,21,281963,1996-02-14,26.77,50000000.0
France,Théo Hernandez,DF,22,339808,1997-10-06,25.12,55000000.0
France,Alphonse Areola,GK,23,120629,1993-02-27,29.73,8000000.0
France,Ibrahima Konaté,DF,24,357119,1999-05-25,23.49,35000000.0
France,Eduardo Camavinga,MF,25,640428,2002-11-10,20.03,50000000.0
France,Marcus Thuram,FW,26,318528,1997-08-06,25.29,30000000.0
Germany,Manuel Neuer,GK,1,17259,1986-03-27,36.65,12000000.0
Germany,Antonio Rüdiger,DF,2,86202,1993-03-03,29.72,40000000.0
Germany,David Raum,DF,3,318204,1998-04-22,24.58,26000000.0
Germany,Matthias Ginter,DF,4,124502,1994-01-19,28.84,20000000.0
Germany,Thilo Kehrer,DF,5,228948,1996-09-21,26.16,22000000.0
Germany,Joshua Kimmich,MF,6,161056,1995-02-08,27.78,80000000.0
Germany,Kai Havertz,FW,7,309400,1999-06-11,23.44,70000000.0
Germany,Leon Goretzka,MF,8,153084,1995-02-06,27.79,65000000.0
Germany,Niclas Füllkrug,FW,9,75489,1993-02-09,29.78,5000000.0
Germany,Serge Gnabry,FW,10,159471,1995-07-14,27.35,65000000.0
Germany,Mario Götze,MF,11,74842,1992-06-03,30.46,13000000.0
Germany,Kevin Trapp,GK,12,45672,1990-07-08,32.37,8500000.0
Germany,Thomas Müller,MF,13,58358,1989-09-13,33.19,18000000.0
Germany,Jamal Musiala,MF,14,580195,2003-02-26,19.73,100000000.0
Germany,Niklas Süle,DF,15,166601,1995-09-03,27.21,35000000.0
Germany,Lukas Klostermann,DF,16,215599,1996-06-03,26.46,14000000.0
Germany,Julian Brandt,MF,17,187492,1996-05-02,26.55,28000000.0
Germany,Jonas Hofmann,MF,18,7161,1992-07-14,30.35,13000000.0
Germany,Jonas Hofmann,MF,18,227085,1997-02-07,25.78,150000.0
Germany,Leroy Sané,MF,19,192565,1996-01-11,26.86,70000000.0
Germany,Christian Günter,DF,20,93707,1993-02-28,29.72,10000000.0
Germany,İlkay Gündoğan,MF,21,53622,1990-10-24,32.07,25000000.0
Germany,Marc-André ter Stegen,GK,22,74857,1992-04-30,30.56,30000000.0
Germany,Nico Schlotterbeck,DF,23,388198,1999-12-01,22.97,33000000.0
Germany,Karim Adeyemi,FW,24,496094,2002-01-18,20.84,35000000.0
Germany,Armel Bella-Kotchap,DF,25,467563,2001-12-11,20.94,18000000.0
Germany,Youssoufa Moukoko,FW,26,467720,2004-11-20,18.0,30000000.0
Ghana,Tariq Lamptey,DF,2,504148,2000-09-30,22.14,15000000.0
Ghana,Denis Odoi,DF,3,59641,1988-05-27,34.48,600000.0
Ghana,Mohammed Salisu,DF,4,563963,1999-04-17,23.59,18000000.0
Ghana,Thomas Partey,MF,5,230784,1993-06-13,29.44,38000000.0
Ghana,Elisha Owusu,MF,6,395695,1997-11-07,25.03,2500000.0
Ghana,Abdul Fatawu Issahaku,MF,7,864121,2004-03-08,18.7,3000000.0
Ghana,Daniel-Kofi Kyereh,MF,8,272587,1996-03-08,26.7,8000000.0
Ghana,Jordan Ayew,FW,9,108354,1991-09-11,31.19,6000000.0
Ghana,André Ayew,FW,10,45403,1989-12-17,32.93,2200000.0
Ghana,Osman Bukari,MF,11,548650,1998-12-13,23.94,5000000.0
Ghana,Daniel Afriyie,MF,13,754158,2001-06-26,21.4,
Ghana,Gideon Mensah,DF,14,397171,1998-07-18,24.34,2000000.0
Ghana,Joseph Aidoo,DF,15,358250,1995-09-29,27.14,7000000.0
Ghana,Abdul Manaf Nurudeen,GK,16,511168,1999-02-08,23.78,400000.0
Ghana,Baba Rahman,DF,17,224884,1994-07-02,28.39,1800000.0
Ghana,Daniel Amartey,DF,18,214056,1994-12-21,27.92,15000000.0
Ghana,Iñaki Williams,FW,19,255508,1994-06-15,28.43,25000000.0
Ghana,Mohammed Kudus,MF,20,543499,2000-08-02,22.3,15000000.0
Ghana,Salis Abdul Samed,MF,21,688707,2000-03-26,22.65,10000000.0
Ghana,Kamaldeen Sulemana,MF,22,746695,2002-02-15,20.76,18000000.0
Ghana,Alexander Djiku,DF,23,250844,1994-08-09,28.28,8000000.0
Ghana,Kamal Sowah,MF,24,564489,2000-01-09,22.86,6000000.0
Ghana,Antoine Semenyo,FW,25,583255,2000-01-07,22.87,3000000.0
Ghana,Alidu Seidu,DF,26,798404,2000-06-04,22.46,4500000.0
Iran,Alireza Beiranvand,GK,1,229081,1992-09-21,30.16,1000000.0
Iran,Sadegh Moharrami,DF,2,294778,1996-03-01,26.72,
Iran,Ehsan Hajsafi,DF,3,77547,1990-02-25,32.73,800000.0
Iran,Shojae Khalilzadeh,DF,4,213715,1989-05-14,33.52,
Iran,Milad Mohammadi,DF,5,333355,1993-09-29,29.14,2000000.0
Iran,Saeid Ezatolahi,MF,6,249271,1996-10-01,26.14,400000.0
Iran,Alireza Jahanbakhsh,MF,7,213268,1993-08-11,29.28,3000000.0
Iran,Morteza Pouraliganji,DF,8,132563,1992-04-19,30.59,700000.0
Iran,Mehdi Taremi,FW,9,307058,1992-07-18,30.34,20000000.0
Iran,Karim Ansarifard,FW,10,133838,1990-04-03,32.63,1000000.0
Iran,Vahid Amiri,MF,11,279215,1988-04-02,34.63,350000.0
Iran,Payam Niazmand,GK,12,343044,1995-04-06,27.62,500000.0
Iran,Saman Ghoddos,MF,14,204294,1993-09-06,29.2,2200000.0
Iran,Rouzbeh Cheshmi,DF,15,273879,1993-07-24,29.33,
Iran,Ali Gholizadeh,MF,17,294772,1996-03-10,26.7,2000000.0
Iran,Ali Karimi,MF,18,269393,1994-02-11,28.77,100000.0
Iran,Majid Hosseini,DF,19,294767,1996-06-20,26.42,3000000.0
Iran,Sardar Azmoun,FW,20,180337,1995-01-01,27.89,12000000.0
Iran,Amir Abedzadeh,GK,22,218431,1993-04-26,29.57,1500000.0
Iran,Ramin Rezaeian,DF,23,188312,1990-03-21,32.67,450000.0
Iran,Hossein Hosseini,GK,24,132561,1992-06-30,30.39,
Iran,Abolfazl Jalali,DF,25,599240,1998-06-26,24.4,
Japan,Eiji Kawashima,GK,1,77383,1983-03-20,39.67,200000.0
Japan,Miki Yamane,DF,2,395589,1993-12-22,28.91,1700000.0
Japan,Shogo Taniguchi,DF,3,307870,1991-07-15,31.35,1800000.0
Japan,Ko Itakura,DF,4,355816,1997-01-27,25.81,7500000.0
Japan,Yuto Nagatomo,DF,5,79522,1986-09-12,36.19,400000.0
Japan,Wataru Endo,MF,6,146310,1993-02-09,29.78,6500000.0
Japan,Gaku Shibasaki,MF,7,129693,1992-05-28,30.48,1000000.0
Japan,Ritsu Dōan,MF,8,358504,1998-06-16,24.43,12000000.0
Japan,Kaoru Mitoma,MF,9,504849,1997-05-20,25.5,6000000.0
Japan,Takumi Minamino,MF,10,165793,1995-01-16,27.84,10000000.0
Japan,Takefusa Kubo,MF,11,405398,2001-06-04,21.46,12000000.0
Japan,Shūichi Gonda,GK,12,79517,1989-03-03,33.72,500000.0
Japan,Hidemasa Morita,MF,13,524315,1995-05-10,27.53,7000000.0
Japan,Junya Ito,MF,14,348791,1993-03-09,29.7,9000000.0
Japan,Daichi Kamada,MF,15,356141,1996-08-05,26.29,30000000.0
Japan,Takehiro Tomiyasu,DF,16,331560,1998-11-05,24.04,25000000.0
Japan,Ao Tanaka,MF,17,489359,1998-09-10,24.19,1800000.0
Japan,Takuma Asano,FW,18,245744,1994-11-10,28.03,3000000.0
Japan,Hiroki Sakai,DF,19,83002,1990-04-12,32.61,1700000.0
Japan,Shuto Machino,FW,20,550580,1999-09-30,23.14,1200000.0
Japan,Ayase Ueda,FW,21,589128,1998-08-28,24.23,2000000.0
Japan,Maya Yoshida,DF,22,81789,1988-08-24,34.24,1500000.0
Japan,Daniel Schmidt,GK,23,158799,1992-02-03,30.8,1500000.0
Japan,Yuki Soma,MF,24,594069,1997-02-25,25.73,1200000.0
Japan,Daizen Maeda,FW,25,420931,1997-10-20,25.08,4000000.0
Japan,Hiroki Ito,DF,26,353892,1999-05-12,23.53,5500000.0
Mexico,Néstor Araujo,DF,2,64134,1991-08-29,31.23,3000000.0
Mexico,César Montes,DF,3,387687,1997-02-24,25.74,7000000.0
Mexico,Edson Álvarez,DF,4,401356,1997-10-24,25.07,35000000.0
Mexico,Johan Vásquez,DF,5,532937,1998-10-22,24.08,3600000.0
Mexico,Gerardo Arteaga,DF,6,469718,1998-09-07,24.2,5000000.0
Mexico,Luis Romo,MF,7,532938,1995-06-05,27.46,6500000.0
Mexico,Carlos Rodríguez,MF,8,534620,1997-01-03,25.88,8000000.0
Mexico,Raúl Jiménez,FW,9,206040,1991-05-05,31.55,12000000.0
Mexico,Alexis Vega,FW,10,424689,1997-11-25,24.99,8000000.0
Mexico,Rogelio Funes Mori,FW,11,135082,1991-03-05,31.71,3500000.0
Mexico,Rodolfo Cota,GK,12,71401,1987-07-03,35.38,1200000.0
Mexico,Guillermo Ochoa,GK,13,29559,1985-07-13,37.36,1200000.0
Mexico,Érick Gutiérrez,MF,14,298796,1995-06-15,27.43,7000000.0
Mexico,Héctor Moreno,DF,15,51046,1988-01-17,34.84,1500000.0
Mexico,Héctor Herrera,MF,16,122043,1990-04-19,32.59,2800000.0
Mexico,Orbelín Pineda,FW,17,334042,1996-03-24,26.66,4000000.0
Mexico,Andrés Guardado,MF,18,20506,1986-09-28,36.15,1500000.0
Mexico,Jorge Sánchez,DF,19,356044,1997-12-10,24.94,6000000.0
Mexico,Henry Martín,FW,20,286339,1992-11-18,30.0,6000000.0
Mexico,Uriel Antuna,FW,21,355998,1997-08-21,25.25,4000000.0
Mexico,Hirving Lozano,FW,22,316889,1995-07-30,27.31,28000000.0
Mexico,Jesús Gallardo,DF,23,344854,1994-08-15,28.27,3000000.0
Mexico,Luis Chávez,MF,24,331059,1996-01-15,26.85,6500000.0
Mexico,Roberto Alvarado,FW,25,353583,1998-09-07,24.2,5000000.0
Mexico,Kevin Álvarez,DF,26,572705,1999-01-15,23.85,6000000.0
Morocco,Yassine Bounou,GK,1,207834,1991-04-05,31.63,15000000.0
Morocco,Achraf Hakimi,DF,2,398073,1998-11-04,24.04,65000000.0
Morocco,Noussair Mazraoui,DF,3,340456,1997-11-14,25.02,25000000.0
Morocco,Sofyan Amrabat,MF,4,287579,1996-08-21,26.25,10000000.0
Morocco,Nayef Aguerd,DF,5,361914,1996-03-30,26.64,25000000.0
Morocco,Romain Saïss,DF,6,204198,1990-03-26,32.65,6500000.0
Morocco,Hakim Ziyech,MF,7,217111,1993-03-19,29.67,17000000.0
Morocco,Azzedine Ounahi,MF,8,593482,2000-04-19,22.59,3500000.0
Morocco,Abderrazak Hamdallah,FW,9,235052,1990-12-17,31.93,3000000.0
Morocco,Anass Zaroury,MF,10,491296,2000-11-07,22.03,4000000.0
Morocco,Abdelhamid Sabiri,FW,11,340394,1996-11-28,25.98,3000000.0
Morocco,Zakaria Aboukhlal,MF,14,393238,2000-02-18,22.75,3500000.0
Morocco,Selim Amallah,MF,15,377219,1996-11-15,26.01,4500000.0
Morocco,Abde Ezzalzouli,FW,16,724520,2001-12-17,20.93,8000000.0
Morocco,Sofiane Boufal,MF,17,232271,1993-09-17,29.17,8000000.0
Morocco,Jawad El Yamiq,DF,18,235412,1992-02-29,30.72,1200000.0
Morocco,Youssef En-Nesyri,FW,19,433049,1997-06-01,25.47,12000000.0
Morocco,Achraf Dari,DF,20,566823,1999-05-06,23.54,2500000.0
Morocco,Walid Cheddira,FW,21,521407,1998-01-22,24.83,2500000.0
Morocco,Yahia Attiyat Allah,DF,25,366746,1995-03-02,27.72,1500000.0
Netherlands,Remko Pasveer,GK,1,25520,1983-11-08,39.03,250000.0
Netherlands,Jurriën Timber,DF,2,420243,2001-06-17,21.43,45000000.0
Netherlands,Matthijs de Ligt,DF,3,326031,1999-08-12,23.27,70000000.0
Netherlands,Virgil van Dijk,DF,4,139208,1991-07-08,31.37,50000000.0
Netherlands,Nathan Aké,DF,5,177476,1995-02-18,27.75,30000000.0
Netherlands,Stefan de Vrij,DF,6,111196,1992-02-05,30.79,15000000.0
Netherlands,Steven Bergwijn,FW,7,284165,1997-10-08,25.12,27000000.0
Netherlands,Cody Gakpo,FW,8,434675,1999-05-07,23.54,45000000.0
Netherlands,Luuk de Jong,FW,9,72522,1990-08-27,32.23,4000000.0
Netherlands,Memphis Depay,FW,10,167850,1994-02-13,28.77,20000000.0
Netherlands,Steven Berghuis,MF,11,129554,1991-12-19,30.92,14000000.0
Netherlands,Noa Lang,FW,12,339332,1999-06-17,23.43,15000000.0
Netherlands,Justin Bijlow,GK,13,315121,1998-01-22,24.83,13000000.0
Netherlands,Davy Klaassen,MF,14,182932,1993-02-21,29.74,12000000.0
Netherlands,Marten de Roon,MF,15,133179,1991-03-29,31.65,12000000.0
Netherlands,Tyrell Malacia,DF,16,339340,1999-08-17,23.26,22000000.0
Netherlands,Daley Blind,DF,17,12282,1990-03-09,32.7,6000000.0
Netherlands,Vincent Janssen,FW,18,207015,1994-06-15,28.43,6000000.0
Netherlands,Wout Weghorst,FW,19,228645,1992-08-07,30.29,14000000.0
Netherlands,Teun Koopmeiners,MF,20,360518,1998-02-28,24.73,30000000.0
Netherlands,Frenkie de Jong,MF,21,326330,1997-05-12,25.52,50000000.0
Netherlands,Denzel Dumfries,DF,22,321528,1996-04-18,26.59,28000000.0
Netherlands,Andries Noppert,GK,23,276853,1994-04-07,28.62,2000000.0
Netherlands,Kenneth Taylor,MF,24,470394,2002-05-16,20.51,14000000.0
Netherlands,Xavi Simons,MF,25,566931,2003-04-21,19.58,18000000.0
Netherlands,Jeremie Frimpong,DF,26,484547,2000-12-10,21.94,25000000.0
Poland,Wojciech Szczęsny,GK,1,44058,1990-04-18,32.59,13000000.0
Poland,Matty Cash,DF,2,425334,1997-08-07,25.29,22000000.0
Poland,Artur Jędrzejczyk,DF,3,42401,1987-11-04,35.04,300000.0
Poland,Mateusz Wieteska,DF,4,208172,1997-02-11,25.77,3000000.0
Poland,Jan Bednarek,DF,5,243028,1996-04-12,26.61,18000000.0
Poland,Krystian Bielik,MF,6,287247,1998-01-04,24.88,3000000.0
Poland,Arkadiusz Milik,FW,7,191891,1994-02-28,28.73,10000000.0
Poland,Damian Szymański,MF,8,259881,1995-06-16,27.43,2000000.0
Poland,Robert Lewandowski,FW,9,38253,1988-08-21,34.25,45000000.0
Poland,Grzegorz Krychowiak,MF,10,45184,1990-01-29,32.81,6000000.0
Poland,Kamil Grosicki,MF,11,37920,1988-06-08,34.45,700000.0
Poland,Łukasz Skorupski,GK,12,80894,1991-05-05,31.55,3000000.0
Poland,Jakub Kamiński,MF,13,407098,2002-06-05,20.46,10000000.0
Poland,Jakub Kiwior,DF,14,425918,2000-02-15,22.76,6000000.0
Poland,Kamil Glik,DF,15,46552,1988-02-03,34.8,800000.0
Poland,Karol Świderski,FW,16,330126,1997-01-23,25.82,5000000.0
Poland,Szymon Żurkowski,MF,17,387234,1997-09-25,25.15,5800000.0
Poland,Bartosz Bereszyński,DF,18,144143,1992-07-12,30.36,3000000.0
Poland,Sebastian Szymański,MF,19,320748,1999-05-10,23.53,14000000.0
Poland,Piotr Zieliński,MF,20,181136,1994-05-20,28.5,40000000.0
Poland,Nicola Zalewski,MF,21,550108,2002-01-23,20.82,15000000.0
Poland,Kamil Grabara,GK,22,346551,1999-01-08,23.87,5000000.0
Poland,Krzysztof Piątek,FW,23,327757,1995-07-01,27.39,11000000.0
Poland,Przemysław Frankowski,MF,24,239743,1995-04-12,27.61,7000000.0
Poland,Robert Gumny,DF,25,353826,1998-06-04,24.46,3500000.0
Poland,Michał Skóraś,MF,26,393565,2000-02-15,22.76,3500000.0
Portugal,Rui Patrício,GK,1,45026,1988-02-15,34.76,5000000.0
Portugal,Diogo Dalot,DF,2,357147,1999-03-18,23.68,32000000.0
Portugal,not applicable Pepe,DF,3,14132,1983-02-26,39.73,1000000.0
Portugal,Rúben Dias,DF,4,258004,1997-05-14,25.52,75000000.0
Portugal,Raphaël Guerreiro,DF,5,170986,1993-12-22,28.91,20000000.0
Portugal,João Palhinha,MF,6,257455,1995-07-09,27.37,28000000.0
Portugal,Cristiano Ronaldo,FW,7,8198,1985-02-05,37.79,20000000.0
Portugal,Bruno Fernandes,MF,8,240306,1994-09-08,28.2,75000000.0
Portugal,André Silva,FW,9,198008,1995-11-06,27.04,24000000.0
Portugal,André Silva,FW,9,700646,2003-03-18,19.68,
Portugal,Bernardo Silva,FW,10,241641,1994-08-10,28.28,80000000.0
Portugal,João Félix,FW,11,462250,1999-11-10,23.03,50000000.0
Portugal,José Sá,GK,12,249994,1993-01-17,29.84,18000000.0
Portugal,Danilo Pereira,DF,13,141050,1991-09-09,31.2,12000000.0
Portugal,William Carvalho,MF,14,100131,1992-04-07,30.62,16000000.0
Portugal,Rafael Leão,FW,15,357164,1999-06-10,23.45,85000000.0
Portugal,João Mário,MF,17,149729,1993-01-19,29.83,12000000.0
Portugal,João Mário,MF,17,537602,2000-01-03,22.88,12000000.0
Portugal,Rúben Neves,MF,18,225161,1997-03-13,25.69,40000000.0
Portugal,Nuno Mendes,DF,19,616341,2002-06-19,20.42,60000000.0
Portugal,João Cancelo,DF,20,182712,1994-05-27,28.48,70000000.0
Portugal,Ricardo Horta,FW,21,261927,1994-09-15,28.18,20000000.0
Portugal,Diogo Costa,GK,22,357153,1999-09-19,23.17,35000000.0
Portugal,Diogo Costa,GK,22,927641,2003-07-27,19.32,
Portugal,Matheus Nunes,MF,23,601883,1998-08-27,24.23,45000000.0
Portugal,António Silva,DF,24,650568,2003-10-30,19.06,15000000.0
Portugal,not applicable Otávio,MF,25,231289,1995-02-09,27.78,30000000.0
Portugal,Gonçalo Ramos,FW,26,550550,2001-06-20,21.42,24000000.0
Qatar,Abdelkarim Hassan,MF,3,171412,1993-08-28,29.23,750000.0
Qatar,Mohammed Waad,DF,4,481935,1999-09-18,23.17,
Qatar,Tarek Salman,DF,5,311730,1997-12-05,24.96,
Qatar,Ahmed Alaaeldin,FW,7,187987,1993-01-31,29.8,
Qatar,Mohammed Muntari,FW,9,266935,1993-12-20,28.92,
Qatar,Hassan Al-Haydos,MF,10,86286,1990-12-11,31.94,
Qatar,Akram Afif,FW,11,336646,1996-11-18,26.0,4000000.0
Qatar,Karim Boudiaf,MF,12,222385,1990-09-16,32.18,
Qatar,Homam Ahmed,DF,14,449710,1998-02-02,24.8,
Qatar,Bassam Al-Rawi,DF,15,376232,1997-12-16,24.93,
Qatar,Boualem Khoukhi,DF,16,222669,1990-07-09,32.37,
Qatar,Almoez Ali,FW,19,345095,1996-08-19,26.25,
Qatar,Yousef Hassan,GK,21,171412,1993-08-28,29.23,750000.0
Qatar,Meshaal Barsham,GK,22,560423,1998-02-14,24.76,
Qatar,Assim Madibo,MF,23,336667,1996-10-22,26.08,300000.0
Qatar,Jassem Gaber,MF,25,735813,2002-02-20,20.75,
Saudi Arabia,Mohammed Al-Rubaie,GK,1,213257,1994-06-04,28.46,150000.0
Saudi Arabia,Sultan Al-Ghannam,DF,2,435045,1994-05-06,28.54,2500000.0
Saudi Arabia,Abdullah Madu,DF,3,265940,1993-07-15,29.35,900000.0
Saudi Arabia,Abdulelah Al-Amri,DF,4,509894,1997-01-15,25.85,1200000.0
Saudi Arabia,Salman Al-Faraj,MF,7,155487,1989-08-01,33.3,500000.0
Saudi Arabia,Abdulellah Al-Malki,MF,8,390855,1994-10-11,28.11,
Saudi Arabia,Firas Al-Buraikan,FW,9,631922,2000-05-14,22.52,1800000.0
Saudi Arabia,Salem Al-Dawsari,FW,10,195332,1991-08-19,31.26,1800000.0
Saudi Arabia,Saleh Al-Shehri,FW,11,242267,1993-11-01,29.05,700000.0
Saudi Arabia,Saud Abdulhamid,DF,12,631927,1999-07-18,23.34,1700000.0
Saudi Arabia,Yasser Al-Shahrani,DF,13,171915,1992-05-25,30.49,1500000.0
Saudi Arabia,Abdullah Otayf,MF,14,193159,1992-08-03,30.3,300000.0
Saudi Arabia,Ali Al-Hassan,MF,15,141805,1997-03-04,25.71,500000.0
Saudi Arabia,Sami Al-Najei,MF,16,434672,1997-02-07,25.78,1500000.0
Saudi Arabia,Nawaf Al-Abed,MF,18,149643,1990-01-26,32.82,
Saudi Arabia,Hattan Bahebri,FW,19,201379,1992-07-16,30.35,900000.0
Saudi Arabia,Abdulrahman Al-Aboud,FW,20,1180062,2005-11-15,17.01,
Saudi Arabia,Mohammed Al-Owais,GK,21,262845,1991-10-10,31.11,
Saudi Arabia,Nawaf Al-Aqidi,GK,22,886183,2000-05-10,22.53,200000.0
Saudi Arabia,Mohamed Kanno,MF,23,308120,1994-09-22,28.16,1200000.0
Saudi Arabia,Nasser Al-Dawsari,MF,24,509911,1998-12-19,23.92,700000.0
Saudi Arabia,Haitham Asiri,FW,25,796803,2001-03-25,21.66,400000.0
Saudi Arabia,Riyadh Sharahili,MF,26,187951,1993-04-28,29.56,400000.0
Senegal,Seny Dieng,GK,1,250870,1994-11-23,27.99,1500000.0
Senegal,Formose Mendy,DF,2,649023,2001-01-02,21.88,2500000.0
Senegal,Kalidou Koulibaly,DF,3,93128,1991-06-20,31.42,35000000.0
Senegal,Pape Abou Cissé,DF,4,364234,1995-09-14,27.18,6000000.0
Senegal,Idrissa Gueye,MF,5,126665,1989-09-26,33.15,8000000.0
Senegal,Idrissa Gueye,MF,5,1178488,2006-09-16,16.18,
Senegal,Nampalys Mendy,MF,6,111051,1992-06-23,30.41,3500000.0
Senegal,Nicolas Jackson,FW,7,776890,2001-06-20,21.42,15000000.0
Senegal,Cheikhou Kouyaté,DF,8,66934,1989-12-21,32.91,3000000.0
Senegal,Boulaye Dia,FW,9,626913,1996-11-16,26.01,12000000.0
Senegal,Moussa N'Diaye,DF,10,649022,2002-06-18,20.42,1500000.0
Senegal,Pathé Ciss,MF,11,525578,1994-03-16,28.68,4000000.0
Senegal,Fodé Ballo-Touré,DF,12,296422,1997-01-03,25.88,3500000.0
Senegal,Iliman Ndiaye,FW,13,623570,2000-03-06,22.71,3500000.0
Senegal,Ismail Jakobs,DF,14,375137,1999-08-17,23.26,7000000.0
Senegal,Krépin Diatta,MF,15,490426,1999-02-25,23.73,13000000.0
Senegal,Édouard Mendy,GK,16,442531,1992-03-01,30.72,25000000.0
Senegal,Pape Matar Sarr,MF,17,568693,2002-09-14,20.18,15000000.0
Senegal,Ismaïla Sarr,FW,18,410225,1998-02-25,24.73,22000000.0
Senegal,Famara Diédhiou,FW,19,237125,1992-12-15,29.93,3000000.0
Senegal,Bamba Dieng,FW,20,822458,2000-03-23,22.66,8000000.0
Senegal,Youssouf Sabaly,DF,21,135492,1993-03-05,29.71,4000000.0
Senegal,Abdou Diallo,DF,22,229005,1996-05-04,26.55,15000000.0
Senegal,Alfred Gomis,GK,23,163568,1993-09-05,29.21,3000000.0
Senegal,Mamadou Loum,MF,25,364237,1996-12-30,25.89,3500000.0
Senegal,Pape Gueye,MF,26,485963,1999-01-24,23.82,10000000.0
Serbia,Marko Dmitrović,GK,1,94308,1992-01-24,30.82,5000000.0
Serbia,Strahinja Pavlović,DF,2,574671,2001-05-24,21.49,20000000.0
Serbia,Strahinja Eraković,DF,3,574660,2001-01-22,21.83,7000000.0
Serbia,Nikola Milenković,DF,4,413507,1997-10-12,25.11,20000000.0
Serbia,Nikola Milenković,DF,4,991001,2006-11-21,16.0,
Serbia,Miloš Veljković,DF,5,202228,1995-09-26,27.15,5000000.0
Serbia,Nemanja Maksimović,MF,6,273152,1995-01-26,27.82,10000000.0
Serbia,Nemanja Radonjić,FW,7,245078,1996-02-15,26.76,4000000.0
Serbia,Nemanja Gudelj,MF,8,74294,1991-11-16,31.01,4000000.0
Serbia,Aleksandar Mitrović,FW,9,51152,1994-09-16,28.18,28000000.0
Serbia,Dušan Tadić,FW,10,36139,1988-11-20,34.0,7000000.0
Serbia,Luka Jović,FW,11,257462,1997-12-23,24.91,14000000.0
Serbia,Predrag Rajković,GK,12,190263,1995-10-31,27.06,10000000.0
Serbia,Stefan Mitrović,DF,13,143029,1990-05-22,32.5,2000000.0
Serbia,Stefan Mitrović,DF,13,726526,2002-08-15,20.27,2500000.0
Serbia,Stefan Mitrović,DF,13,940653,2006-04-28,16.56,
Serbia,Andrija Živković,MF,14,206843,1996-07-11,26.36,6000000.0
Serbia,Saša Lukić,MF,16,245056,1996-08-13,26.27,13000000.0
Serbia,Filip Kostić,MF,17,161011,1992-11-01,30.05,24000000.0
Serbia,Dušan Vlahović,FW,18,357498,2000-01-28,22.81,80000000.0
Serbia,Uroš Račić,MF,19,417575,1998-03-17,24.68,6500000.0
Serbia,Sergej Milinković-Savić,MF,20,266302,1995-02-27,27.73,60000000.0
Serbia,Darko Lazović,MF,22,70411,1990-09-15,32.18,2500000.0
Serbia,Vanja Milinković-Savić,GK,23,257474,1997-02-20,25.75,2500000.0
Serbia,Ivan Ilić,MF,24,470794,2001-03-17,21.68,13000000.0
Serbia,Filip Mladenović,DF,25,168063,1991-08-15,31.27,1500000.0
Serbia,Marko Grujić,MF,26,222813,1996-04-13,26.6,9000000.0
South Korea,Seung-gyu Kim,GK,1,92076,1990-09-30,32.14,900000.0
South Korea,Yoon Jong-gyu,DF,2,402163,1998-03-20,24.67,650000.0
South Korea,Kim Jin-su,DF,3,132529,1992-06-13,30.44,575000.0
South Korea,Kim Min-jae,DF,4,503482,1996-11-15,26.01,35000000.0
South Korea,Woo-young Jung,MF,5,171935,1989-12-14,32.93,
South Korea,Hwang In-beom,MF,6,365394,1996-09-20,26.17,3500000.0
South Korea,Heung-min Son,MF,7,91845,1992-07-08,30.37,70000000.0
South Korea,Paik Seung-ho,MF,8,282689,1997-03-17,25.68,1000000.0
South Korea,Cho Gue-sung,FW,9,652537,1998-01-25,24.82,1400000.0
South Korea,Jae-sung Lee,MF,10,314398,1992-08-10,30.28,3000000.0
South Korea,Hee-chan Hwang,MF,11,292246,1996-01-26,26.82,12000000.0
South Korea,Song Bum-keun,GK,12,508237,1997-10-15,25.1,1100000.0
South Korea,Chul Hong,DF,14,151791,1990-09-17,32.18,500000.0
South Korea,Kim Moon-hwan,DF,15,524592,1995-08-01,27.3,950000.0
South Korea,Hwang Ui-jo,FW,16,260166,1992-08-28,30.23,5000000.0
South Korea,Na Sang-ho,MF,17,508381,1996-08-12,26.27,900000.0
South Korea,Lee Kang-in,MF,18,557149,2001-02-19,21.75,12000000.0
South Korea,Young-gwon Kim,DF,19,126640,1990-02-27,32.73,600000.0
South Korea,Kwon Kyung-won,DF,20,260189,1992-01-31,30.8,800000.0
South Korea,Hyeon-woo Jo,GK,21,260171,1991-09-25,31.15,1300000.0
South Korea,Kwon Chang-hoon,MF,22,259350,1994-06-30,28.39,900000.0
South Korea,Cho Yu-min,DF,24,561212,1996-11-17,26.01,
South Korea,Jeong Woo-yeong,MF,25,297583,1999-09-20,23.17,5500000.0
South Korea,Song Min-kyu,MF,26,581977,1999-09-12,23.19,1200000.0
Spain,Robert Sánchez,GK,1,403151,1997-11-18,25.0,32000000.0
Spain,César Azpilicueta,DF,2,57500,1989-08-28,33.23,8000000.0
Spain,Eric García,DF,3,466794,2001-01-09,21.86,18000000.0
Spain,Pau Torres,DF,4,399776,1997-01-16,25.84,50000000.0
Spain,Sergio Busquets,MF,5,65230,1988-07-16,34.35,5000000.0
Spain,Marcos Llorente,MF,6,282411,1995-01-30,27.81,35000000.0
Spain,Álvaro Morata,FW,7,128223,1992-10-23,30.08,25000000.0
Spain,not applicable Koke,MF,8,74229,1992-01-08,30.87,18000000.0
Spain,not applicable Gavi,MF,9,646740,2004-08-05,18.29,90000000.0
Spain,Marco Asensio,FW,10,296622,1996-01-21,26.83,25000000.0
Spain,Ferran Torres,FW,11,398184,2000-02-29,22.72,35000000.0
Spain,Nico Williams,FW,12,709187,2002-07-12,20.36,25000000.0
Spain,David Raya,GK,13,262749,1995-09-15,27.18,22000000.0
Spain,Alejandro Balde,DF,14,636688,2003-10-18,19.09,15000000.0
Spain,Hugo Guillamón,DF,15,495629,2000-01-31,22.8,25000000.0
Spain,Yeremy Pino,FW,17,568157,2002-10-20,20.08,38000000.0
Spain,Jordi Alba,DF,18,69751,1989-03-21,33.67,5000000.0
Spain,Carlos Soler,MF,19,372246,1997-01-02,25.88,35000000.0
Spain,Dani Carvajal,DF,20,138927,1992-01-11,30.86,18000000.0
Spain,Dani Olmo,FW,21,293385,1998-05-07,24.54,40000000.0
Spain,Pablo Sarabia,FW,22,74230,1992-05-11,30.53,20000000.0
Spain,Unai Simón,GK,23,262396,1997-06-11,25.44,25000000.0
Spain,Aymeric Laporte,DF,24,176553,1994-05-27,28.48,38000000.0
Spain,Ansu Fati,FW,25,466810,2002-10-31,20.05,50000000.0
Spain,not applicable Pedri,MF,26,683840,2002-11-25,19.99,100000000.0
Switzerland,Yann Sommer,GK,1,42205,1988-12-17,33.92,5000000.0
Switzerland,Edimilson Fernandes,DF,2,247555,1996-04-15,26.6,3000000.0
Switzerland,Silvan Widmer,DF,3,168989,1993-03-05,29.71,5000000.0
Switzerland,Nico Elvedi,DF,4,192635,1996-09-30,26.14,20000000.0
Switzerland,Manuel Akanji,DF,5,284730,1995-07-19,27.34,30000000.0
Switzerland,Denis Zakaria,MF,6,334526,1996-11-20,26.0,20000000.0
Switzerland,Breel Embolo,FW,7,237662,1997-02-14,25.76,20000000.0
Switzerland,Remo Freuler,MF,8,148252,1992-04-15,30.6,13000000.0
Switzerland,Granit Xhaka,MF,10,111455,1992-09-27,30.15,28000000.0
Switzerland,Renato Steffen,DF,11,194638,1991-11-03,31.05,1000000.0
Switzerland,Jonas Omlin,GK,12,247915,1994-01-10,28.86,7000000.0
Switzerland,Ricardo Rodríguez,DF,13,86784,1992-08-25,30.24,3500000.0
Switzerland,Michel Aebischer,MF,14,237658,1997-01-06,25.87,3500000.0
Switzerland,Djibril Sow,MF,15,212723,1997-02-06,25.79,22000000.0
Switzerland,Christian Fassnacht,MF,16,250490,1993-11-11,29.02,3000000.0
Switzerland,Ruben Vargas,FW,17,345886,1998-08-05,24.29,6000000.0
Switzerland,Eray Cömert,DF,18,298583,1998-02-04,24.79,4000000.0
Switzerland,Noah Okafor,FW,19,346890,2000-05-24,22.49,25000000.0
Switzerland,Fabian Frei,MF,20,52595,1989-01-08,33.86,500000.0
Switzerland,Gregor Kobel,GK,21,257814,1997-12-06,24.96,25000000.0
Switzerland,Fabian Schär,DF,22,135343,1991-12-20,30.92,10000000.0
Switzerland,Xherdan Shaqiri,MF,23,86792,1991-10-10,31.11,4000000.0
Switzerland,Philipp Köhn,GK,24,251322,1998-04-02,24.64,4000000.0
Switzerland,Fabian Rieder,MF,25,507341,2002-02-16,20.76,10000000.0
Switzerland,Ardon Jashari,MF,26,608172,2002-07-30,20.31,2500000.0
Tunisia,Montassar Talbi,DF,3,496706,1998-05-26,24.49,4000000.0
Tunisia,Yassine Meriah,DF,4,306330,1993-07-02,29.39,2000000.0
Tunisia,Nader Ghandri,MF,5,275956,1995-02-18,27.75,650000.0
Tunisia,Dylan Bronn,DF,6,450417,1995-06-19,27.42,3000000.0
Tunisia,Youssef Msakni,FW,7,69110,1990-10-28,32.06,1200000.0
Tunisia,Hannibal Mejbri,MF,8,607224,2003-01-21,19.83,6000000.0
Tunisia,Issam Jebali,FW,9,122635,1991-12-25,30.9,500000.0
Tunisia,Wahbi Khazri,FW,10,103565,1991-02-08,31.78,3000000.0
Tunisia,Ferjani Sassi,MF,13,191903,1992-03-18,30.67,1750000.0
Tunisia,Aïssa Laïdouni,MF,14,233782,1996-12-13,25.94,4000000.0
Tunisia,Mohamed Ali Ben Romdhane,MF,15,577881,1999-09-06,23.21,
Tunisia,Aymen Dahmen,GK,16,569433,1997-01-28,25.81,
Tunisia,Ellyes Skhiri,MF,17,290587,1995-05-10,27.53,13000000.0
Tunisia,Seifeddine Jaziri,FW,19,209304,1993-02-11,29.77,
Tunisia,Mohamed Dräger,DF,20,192167,1996-06-25,26.4,1300000.0
Tunisia,Wajdi Kechrida,DF,21,407885,1995-11-05,27.04,800000.0
Tunisia,Bechir Ben Saïd,GK,22,348144,1992-11-29,29.97,
Tunisia,Naïm Sliti,FW,23,184491,1992-07-27,30.32,6000000.0
Tunisia,Ali Abdi,DF,24,211474,1993-12-20,28.92,1500000.0
Tunisia,Anis Ben Slimane,FW,25,546712,2001-03-16,21.68,3500000.0
Tunisia,Mouez Hassen,GK,26,215677,1995-03-05,27.71,450000.0
United States,Matt Turner,GK,1,425306,1994-06-24,28.41,5000000.0
United States,Sergiño Dest,DF,2,361104,2000-11-03,22.05,16000000.0
United States,Walker Zimmerman,DF,3,245337,1993-05-19,29.51,3500000.0
United States,Tyler Adams,MF,4,332705,1999-02-14,23.76,17000000.0
United States,Antonee Robinson,DF,5,349701,1997-08-08,25.28,10000000.0
United States,Yunus Musah,MF,6,503991,2002-11-29,19.98,20000000.0
United States,Giovanni Reyna,FW,7,504215,2002-11-13,20.02,35000000.0
United States,Weston McKennie,MF,8,332697,1998-08-28,24.23,21000000.0
United States,Jesús Ferreira,FW,9,474249,2000-12-24,21.91,8000000.0
United States,Christian Pulisic,FW,10,315779,1998-09-18,24.17,38000000.0
United States,Brenden Aaronson,FW,11,393323,2000-10-22,22.08,30000000.0
United States,Ethan Horvath,GK,12,242284,1995-06-09,27.45,1000000.0
United States,Tim Ream,DF,13,145466,1987-10-05,35.13,1000000.0
United States,Luca de la Torre,MF,14,315762,1998-05-23,24.5,2000000.0
United States,Aaron Long,DF,15,271072,1992-10-12,30.11,3000000.0
United States,Jordan Morris,FW,16,337807,1994-10-26,28.07,4500000.0
United States,Cristian Roldan,MF,17,354792,1995-06-03,27.47,6000000.0
United States,Shaq Moore,DF,18,336168,1996-11-02,26.05,1000000.0
United States,Haji Wright,FW,19,315291,1998-03-27,24.65,3400000.0
United States,Cameron Carter-Vickers,DF,20,341049,1997-12-31,24.89,9500000.0
United States,Timothy Weah,FW,21,370846,2000-02-22,22.74,12000000.0
United States,DeAndre Yedlin,DF,22,255916,1993-07-09,29.37,2000000.0
United States,Kellyn Acosta,MF,23,189895,1995-07-24,27.33,3000000.0
United States,Josh Sargent,FW,24,393325,2000-02-20,22.75,12000000.0
United States,Sean Johnson,GK,25,126630,1989-05-31,33.47,1500000.0
United States,Joe Scally,DF,26,504153,2002-12-31,19.89,12000000.0
Uruguay,Fernando Muslera,GK,1,58088,1986-06-16,36.43,1700000.0
Uruguay,José Giménez,DF,2,250845,1995-01-20,27.83,40000000.0
Uruguay,Diego Godín,DF,3,54928,1986-02-16,36.76,700000.0
Uruguay,Ronald Araújo,DF,4,480267,1999-03-07,23.71,60000000.0
Uruguay,Matías Vecino,MF,5,143812,1991-08-24,31.24,4500000.0
Uruguay,Rodrigo Bentancur,MF,6,354362,1997-06-25,25.4,40000000.0
Uruguay,Nicolás de la Cruz,MF,7,397458,1997-06-01,25.47,13000000.0
Uruguay,Facundo Pellistri,FW,8,676318,2001-12-20,20.92,3000000.0
Uruguay,Luis Suárez,FW,9,44352,1987-01-24,35.82,4000000.0
Uruguay,Giorgian De Arrascaeta,MF,10,248410,1994-06-01,28.47,19000000.0
Uruguay,Darwin Núñez,FW,11,546543,1999-06-24,23.41,70000000.0
Uruguay,Guillermo Varela,DF,13,188862,1993-03-24,29.66,2000000.0
Uruguay,Lucas Torreira,MF,14,318077,1996-02-11,26.77,15000000.0
Uruguay,Federico Valverde,MF,15,369081,1998-07-22,24.33,100000000.0
Uruguay,Mathías Olivera,DF,16,376514,1997-10-31,25.05,15000000.0
Uruguay,Matías Viña,DF,17,439072,1997-11-09,25.03,6000000.0
Uruguay,Maxi Gómez,FW,18,396894,1996-08-14,26.27,7500000.0
Uruguay,Sebastián Coates,DF,19,102427,1990-10-07,32.12,6000000.0
Uruguay,Facundo Torres,FW,20,465822,2000-04-13,22.6,8000000.0
Uruguay,Edinson Cavani,FW,21,48280,1987-02-14,35.76,5000000.0
Uruguay,Martín Cáceres,DF,22,54935,1987-04-07,35.62,500000.0
Uruguay,Sergio Rochet,GK,23,264014,1993-03-23,29.66,4000000.0
Uruguay,Agustín Canobbio,MF,24,457533,1998-10-01,24.14,4000000.0
Uruguay,Manuel Ugarte,MF,25,476701,2001-04-11,21.61,18000000.0
Uruguay,José Luis Rodríguez,DF,26,430339,1997-03-14,25.69,2000000.0
Wales,Wayne Hennessey,GK,1,45494,1987-01-24,35.82,500000.0
Wales,Chris Gunter,DF,2,43853,1989-07-21,33.33,300000.0
Wales,Neco Williams,DF,3,503680,2001-04-13,21.6,18000000.0
Wales,Ben Davies,DF,4,192765,1993-04-24,29.57,20000000.0
Wales,Chris Mepham,DF,5,480987,1997-11-05,25.04,6000000.0
Wales,Joe Rodon,DF,6,297212,1997-10-22,25.08,9000000.0
Wales,Joe Allen,MF,7,51452,1990-03-14,32.69,1000000.0
Wales,Harry Wilson,MF,8,279455,1997-03-22,25.66,17000000.0
Wales,Brennan Johnson,FW,9,470607,2001-05-23,21.49,20000000.0
Wales,Aaron Ramsey,MF,10,50057,1990-12-26,31.9,3000000.0
Wales,Gareth Bale,FW,11,39381,1989-07-16,33.35,2000000.0
Wales,Danny Ward,GK,12,203026,1993-06-22,29.41,8000000.0
Wales,Kieffer Moore,FW,13,275590,1992-08-08,30.28,4000000.0
Wales,Connor Roberts,DF,14,214666,1995-09-23,27.16,6000000.0
Wales,Ethan Ampadu,DF,15,392771,2000-09-14,22.18,9000000.0
Wales,Tom Lockyer,DF,17,207742,1994-12-03,27.96,2000000.0
Wales,Mark Harris,FW,19,344012,1998-12-29,23.89,
Wales,Daniel James,FW,20,319301,1997-11-10,25.03,16000000.0
Wales,Adam Davies,GK,21,121254,1992-07-17,30.34,500000.0
Wales,Sorba Thomas,MF,22,475416,1999-01-25,23.82,5000000.0
Wales,Dylan Levitt,MF,23,496652,2000-11-17,22.01,850000.0
Wales,Ben Cabango,DF,24,496659,2000-05-30,22.48,
Wales,Rubin Colwill,MF,25,626474,2002-04-27,20.57,
Wales,Matthew Smith,MF,26,365877,1999-11-22,23.0,600000.0
